transid,staffid,memberid,copyid,borrowdate,returndate
710,51,888,780,2024-10-19,2025-02-07
711,52,889,781,2025-01-08,2025-02-10
712,53,890,782,2024-03-10,2025-01-25
713,54,891,783,2024-09-22,2025-02-01
714,55,892,784,2024-05-13,2025-01-19
715,56,893,785,2024-12-14,2025-02-02
716,57,894,786,2024-09-14,2025-02-12
717,58,895,787,2024-07-28,2025-02-14
718,59,896,788,2024-05-08,2025-02-12
719,60,897,789,2024-02-08,2025-01-30
720,61,898,790,2024-02-29,2025-01-29
721,62,899,791,2024-03-28,2025-01-31
722,63,900,792,2024-11-23,2025-02-16
723,64,901,793,2025-01-16,2025-01-21
724,65,902,794,2024-07-17,2025-01-20
725,66,903,795,2024-05-24,2025-02-11
726,67,904,796,2024-10-07,2025-01-28
727,68,905,797,2024-02-05,2025-02-16
728,69,906,798,2024-12-04,2025-02-10
729,70,907,799,2024-10-01,2025-02-02
730,71,908,800,2024-12-06,2025-02-16
731,72,909,801,2024-10-23,2025-02-02
732,73,910,802,2024-03-14,2025-02-05
733,74,911,803,2024-07-11,2025-02-09
734,75,912,804,2024-10-08,2025-02-16
735,76,913,805,2024-04-10,2025-02-08
736,77,914,806,2024-03-07,2025-02-02
737,78,915,807,2024-09-26,2025-01-23
738,79,916,808,2024-09-28,2025-02-17
739,80,917,809,2024-05-25,2025-01-27
740,81,918,810,2024-12-20,2025-01-27
741,82,919,811,2024-03-27,2025-02-03
742,83,920,812,2024-07-18,2025-01-29
743,84,921,813,2024-11-01,2025-02-06
744,85,922,814,2024-09-07,2025-02-16
745,86,923,815,2024-10-08,2025-01-19
746,87,924,816,2024-04-30,2025-02-04
747,88,925,817,2024-05-04,2025-01-28
748,89,926,818,2024-06-30,2025-02-16
749,90,927,819,2024-03-28,2025-02-05
750,91,928,820,2024-08-22,2025-02-15
751,92,929,821,2024-09-08,2025-01-30
752,93,930,822,2024-11-12,2025-01-22
753,94,931,823,2024-03-11,2025-02-13
754,95,932,824,2024-09-02,2025-02-08
755,96,933,825,2024-12-27,2025-02-15
756,97,934,826,2024-11-09,2025-01-19
757,98,935,827,2024-03-08,2025-01-23
758,99,936,828,2025-01-05,2025-01-19
759,100,937,829,2024-12-05,2025-01-29
760,101,938,830,2024-05-18,2025-02-02
761,102,939,831,2024-05-10,2025-01-27
762,103,940,832,2024-10-26,2025-01-27
763,104,941,833,2024-10-21,2025-01-22
764,105,942,834,2024-02-05,2025-01-20
765,106,943,835,2024-03-07,2025-01-21
766,107,944,836,2024-04-30,2025-01-26
767,108,945,837,2024-02-25,2025-01-21
768,109,946,838,2024-03-12,2025-02-06
769,110,947,839,2024-05-12,2025-02-01
770,111,948,840,2024-10-18,2025-02-17
771,112,949,841,2024-04-09,2025-01-29
772,113,950,842,2024-04-28,2025-02-10
773,114,951,843,2024-10-07,2025-02-13
774,115,952,844,2024-06-11,2025-02-12
775,116,953,845,2024-09-27,2025-01-29
776,117,954,846,2024-09-19,2025-02-11
777,118,955,847,2024-12-18,2025-02-03
778,119,956,848,2024-03-06,2025-01-22
779,120,957,849,2024-02-18,2025-02-09
780,121,958,850,2024-09-13,2025-02-01
781,122,959,851,2024-07-01,2025-02-15
782,123,960,852,2024-02-08,2025-02-10
783,124,961,853,2024-08-05,2025-02-14
784,125,962,854,2024-02-12,2025-02-15
785,126,963,855,2024-12-04,2025-02-07
786,127,964,856,2024-07-29,2025-02-15
787,128,965,857,2024-04-20,2025-02-02
788,129,966,858,2024-06-24,2025-02-13
789,130,967,859,2024-02-22,2025-01-29
790,131,968,860,2024-05-16,2025-02-11
791,132,969,861,2024-11-28,2025-02-16
792,133,970,862,2024-09-01,2025-02-04
793,134,971,863,2024-03-21,2025-02-02
794,135,972,864,2024-01-19,2025-01-24
795,136,973,865,2024-03-15,2025-02-07
796,137,974,866,2024-01-27,2025-02-12
797,138,975,867,2024-10-05,2025-01-23
798,139,976,868,2024-07-03,2025-01-26
799,140,977,869,2024-12-23,2025-02-11
800,141,978,870,2024-03-03,2025-01-23
801,142,979,871,2024-07-17,2025-01-26
802,143,980,872,2024-09-05,2025-01-20
803,144,981,873,2024-08-16,2025-01-28
804,145,982,874,2024-06-16,2025-02-03
805,146,983,875,2024-04-17,2025-02-13
806,147,984,876,2024-05-18,2025-01-20
807,148,985,877,2024-02-13,2025-02-13
808,149,986,878,2024-05-13,2025-02-09
809,150,987,879,2024-08-17,2025-02-17
810,151,988,880,2024-06-20,2025-01-23
811,152,989,881,2024-02-29,2025-02-02
812,153,990,882,2024-01-29,2025-02-15
813,154,991,883,2024-12-26,2025-02-10
814,155,992,884,2024-08-23,2025-02-11
815,156,993,885,2024-12-04,2025-02-13
816,157,994,886,2024-10-08,2025-01-28
817,158,995,887,2024-05-02,2025-02-13
818,159,996,888,2024-09-20,2025-02-07
819,160,997,889,2024-12-13,2025-02-10
820,161,998,890,2024-05-02,2025-02-01
821,162,999,891,2025-01-04,2025-01-31
822,163,1000,892,2024-05-13,2025-02-16
823,164,1001,893,2024-05-27,2025-02-02
824,165,1002,894,2024-05-11,2025-01-22
825,166,1003,895,2024-09-04,2025-01-30
826,167,1004,896,2024-03-02,2025-02-05
827,168,1005,897,2024-08-13,2025-01-19
828,169,1006,898,2024-10-23,2025-02-17
829,170,1007,899,2024-12-16,2025-01-31
830,171,1008,900,2024-06-06,2025-02-07
831,172,1009,901,2024-12-01,2025-01-25
832,173,1010,902,2024-04-06,2025-02-09
833,174,1011,903,2024-09-01,2025-02-08
834,175,1012,904,2024-07-06,2025-01-26
835,176,1013,905,2024-06-01,2025-02-04
836,177,1014,906,2024-11-21,2025-01-20
837,178,1015,907,2024-09-18,2025-01-23
838,179,1016,908,2024-07-11,2025-01-29
839,180,1017,909,2024-02-06,2025-02-14
840,181,1018,910,2024-07-20,2025-02-01
841,182,1019,911,2024-11-15,2025-01-20
842,183,1020,912,2024-08-28,2025-02-05
843,184,1021,913,2024-06-18,2025-01-31
844,185,1022,914,2024-05-02,2025-02-06
845,186,1023,915,2024-11-19,2025-01-25
846,187,1024,916,2024-07-19,2025-01-25
847,188,1025,917,2024-02-10,2025-01-25
848,189,1026,918,2024-05-24,2025-01-30
849,190,1027,919,2024-12-25,2025-01-30
850,191,1028,920,2024-06-08,2025-01-20
851,192,1029,921,2024-10-10,2025-02-14
852,193,1030,922,2024-12-18,2025-02-11
853,194,1031,923,2024-06-11,2025-01-29
854,195,1032,924,2024-04-26,2025-01-20
855,196,1033,925,2024-09-25,2025-01-19
856,197,1034,926,2024-05-20,2025-02-12
857,198,1035,927,2024-11-25,2025-02-01
858,199,1036,928,2024-06-05,2025-02-15
859,200,1037,929,2024-11-03,2025-02-04
860,201,1038,930,2024-06-03,2025-02-03
861,202,1039,931,2024-05-13,2025-02-08
862,203,1040,932,2024-11-05,2025-01-19
863,204,1041,933,2024-06-28,2025-02-10
864,205,1042,934,2024-05-02,2025-02-05
865,206,1043,935,2024-04-02,2025-02-17
866,207,1044,936,2024-03-29,2025-02-08
867,208,1045,937,2024-09-26,2025-02-13
868,209,1046,938,2024-09-09,2025-01-28
869,210,1047,939,2024-03-21,2025-02-04
870,211,1048,940,2024-02-18,2025-01-19
871,212,1049,941,2024-06-09,2025-01-22
872,213,1050,942,2024-07-18,2025-01-28
873,214,1051,943,2024-07-18,2025-01-25
874,215,1052,944,2024-03-07,2025-02-04
875,216,1053,945,2024-11-25,2025-02-01
876,217,1054,946,2024-12-29,2025-02-17
877,218,1055,947,2024-01-30,2025-02-07
878,219,1056,948,2024-02-25,2025-02-10
879,220,1057,949,2025-01-17,2025-01-28
880,221,1058,950,2024-10-06,2025-01-24
881,222,1059,951,2024-02-11,2025-01-22
882,223,1060,952,2024-07-21,2025-01-21
883,224,1061,953,2024-04-17,2025-01-24
884,225,1062,954,2024-03-14,2025-02-07
885,226,1063,955,2024-04-05,2025-01-30
886,227,1064,956,2024-04-01,2025-01-19
887,228,1065,957,2024-09-08,2025-01-29
888,229,1066,958,2024-05-27,2025-01-27
889,230,1067,959,2024-03-15,2025-02-10
890,231,1068,960,2024-08-24,2025-02-09
891,232,1069,961,2024-03-09,2025-01-27
892,233,1070,962,2024-05-28,2025-02-08
893,234,1071,963,2024-04-05,2025-02-15
894,235,1072,964,2024-03-14,2025-02-09
895,236,1073,965,2024-12-12,2025-01-22
896,237,1074,966,2025-01-15,2025-01-19
897,238,1075,967,2024-08-15,2025-01-22
898,239,1076,968,2024-07-06,2025-01-26
899,240,1077,969,2024-02-26,2025-01-30
900,241,1078,970,2024-04-10,2025-02-06
901,242,1079,971,2024-05-05,2025-02-10
902,243,1080,972,2024-09-11,2025-01-25
903,244,1081,973,2024-03-18,2025-01-21
904,245,1082,974,2024-03-21,2025-02-04
905,246,1083,975,2024-05-22,2025-02-03
906,247,1084,976,2024-12-20,2025-01-25
907,248,1085,977,2024-09-03,2025-02-04
908,249,1086,978,2024-07-20,2025-02-02
909,250,1087,979,2024-02-21,2025-01-30
910,251,1088,980,2024-06-09,2025-02-13
911,252,1089,981,2024-06-12,2025-02-06
912,253,1090,982,2024-07-23,2025-02-16
913,254,1091,983,2024-12-04,2025-01-20
914,255,1092,984,2025-01-08,2025-01-24
915,256,1093,985,2024-08-24,2025-01-29
916,257,1094,986,2024-07-11,2025-02-01
917,258,1095,987,2024-12-05,2025-01-28
918,259,1096,988,2024-04-19,2025-02-06
919,260,1097,989,2024-06-13,2025-01-23
920,261,1098,990,2024-01-20,2025-02-06
921,262,1099,991,2024-06-13,2025-02-16
922,263,1100,992,2024-07-07,2025-01-19
923,264,1101,993,2024-09-18,2025-01-19
924,265,1102,994,2024-04-13,2025-01-26
925,266,1103,995,2024-07-01,2025-01-26
926,267,1104,996,2024-05-31,2025-01-29
927,268,1105,997,2024-11-16,2025-02-01
928,269,1106,998,2024-11-25,2025-01-28
929,270,1107,999,2024-09-07,2025-02-06
930,271,1108,1000,2024-11-06,2025-02-17
931,272,1109,1001,2024-12-09,2025-02-10
932,273,1110,1002,2024-06-12,2025-02-17
933,274,1111,1003,2024-08-28,2025-01-23
934,275,1112,1004,2024-12-29,2025-02-06
935,276,1113,1005,2024-08-27,2025-01-19
936,277,1114,1006,2024-08-29,2025-02-03
937,278,1115,1007,2024-08-17,2025-01-24
938,279,1116,1008,2024-09-15,2025-02-08
939,280,1117,1009,2024-07-10,2025-02-04
940,281,1118,1010,2024-01-30,2025-02-09
941,282,1119,1011,2024-02-05,2025-01-24
942,283,1120,1012,2024-06-17,2025-02-09
943,284,1121,1013,2025-01-01,2025-02-01
944,285,1122,1014,2024-05-14,2025-01-21
945,286,1123,1015,2024-05-20,2025-02-03
946,287,1124,1016,2024-11-10,2025-01-26
947,288,1125,1017,2024-09-24,2025-02-16
948,289,1126,1018,2024-04-12,2025-02-17
949,290,1127,1019,2024-11-29,2025-02-09
950,291,1128,1020,2024-04-28,2025-01-25
951,292,1129,1021,2024-04-30,2025-01-26
952,293,1130,1022,2024-11-09,2025-02-16
953,294,1131,1023,2024-09-27,2025-01-31
954,295,1132,1024,2024-12-31,2025-01-19
955,296,1133,1025,2024-10-29,2025-02-08
956,297,1134,1026,2024-04-28,2025-02-02
957,298,1135,1027,2024-06-22,2025-02-01
958,299,1136,1028,2024-11-14,2025-01-26
959,300,1137,1029,2024-03-19,2025-02-01
960,301,1138,1030,2025-01-07,2025-01-22
961,302,1139,1031,2024-10-26,2025-01-20
962,303,1140,1032,2024-11-15,2025-02-14
963,304,1141,1033,2024-02-15,2025-02-05
964,305,1142,1034,2024-12-06,2025-02-07
965,306,1143,1035,2024-09-17,2025-02-10
966,307,1144,1036,2024-10-17,2025-02-10
967,308,1145,1037,2024-08-08,2025-02-07
968,309,1146,1038,2024-12-26,2025-02-17
969,310,1147,1039,2025-01-06,2025-01-27
970,311,1148,1040,2024-10-28,2025-02-03
971,312,1149,1041,2024-10-09,2025-01-26
972,313,1150,1042,2024-02-15,2025-01-28
973,314,1151,1043,2024-11-21,2025-02-08
974,315,1152,1044,2024-09-23,2025-01-20
975,316,1153,1045,2024-06-08,2025-02-15
976,317,1154,1046,2024-03-19,2025-02-14
977,318,1155,1047,2024-12-21,2025-01-27
978,319,1156,1048,2024-04-16,2025-02-04
979,320,1157,1049,2024-06-06,2025-01-31
980,321,1158,1050,2024-07-28,2025-02-01
981,322,1159,1051,2025-01-15,2025-02-15
982,323,1160,1052,2024-02-23,2025-01-27
983,324,1161,1053,2024-02-03,2025-02-04
984,325,1162,1054,2024-08-02,2025-02-06
985,326,1163,1055,2024-05-25,2025-01-31
986,327,1164,1056,2024-07-21,2025-01-27
987,328,1165,1057,2024-10-19,2025-02-02
988,329,1166,1058,2024-10-11,2025-01-23
989,330,1167,1059,2024-12-11,2025-01-30
990,331,1168,1060,2024-12-27,2025-01-26
991,332,1169,1061,2024-05-26,2025-02-01
992,333,1170,1062,2024-04-07,2025-02-01
993,334,1171,1063,2024-10-17,2025-01-27
994,335,1172,1064,2024-02-27,2025-02-06
995,336,1173,1065,2024-04-22,2025-02-06
996,337,1174,1066,2024-04-14,2025-02-01
997,338,1175,1067,2024-01-19,2025-02-14
998,339,1176,1068,2024-05-01,2025-02-14
999,340,1177,1069,2024-08-20,2025-01-24
1000,341,1178,1070,2024-03-15,2025-01-23
1001,342,1179,1071,2024-12-20,2025-02-07
1002,343,1180,1072,2024-07-06,2025-02-16
1003,344,1181,1073,2024-11-07,2025-01-31
1004,345,1182,1074,2024-02-25,2025-02-14
1005,346,1183,1075,2024-04-18,2025-01-27
1006,347,1184,1076,2024-07-21,2025-02-08
1007,348,1185,1077,2024-10-23,2025-02-02
1008,349,1186,1078,2024-02-05,2025-02-17
1009,350,1187,1079,2024-12-27,2025-01-27
1010,351,1188,1080,2024-02-19,2025-01-20
1011,352,1189,1081,2024-05-29,2025-02-11
1012,353,1190,1082,2024-01-27,2025-02-15
1013,354,1191,1083,2024-05-18,2025-01-31
1014,355,1192,1084,2025-01-03,2025-02-10
1015,356,1193,1085,2024-10-27,2025-02-12
1016,357,1194,1086,2024-09-26,2025-01-31
1017,358,1195,1087,2024-07-06,2025-01-26
1018,359,1196,1088,2024-04-24,2025-02-12
1019,360,1197,1089,2024-07-14,2025-01-23
1020,361,1198,1090,2024-11-22,2025-02-01
1021,362,1199,1091,2024-01-21,2025-02-03
1022,363,1200,1092,2024-07-01,2025-02-16
1023,364,1201,1093,2024-06-19,2025-01-19
1024,365,1202,1094,2024-05-26,2025-01-27
1025,366,1203,1095,2024-01-29,2025-01-22
1026,367,1204,1096,2024-12-19,2025-02-05
1027,368,1205,1097,2024-12-05,2025-02-06
1028,369,1206,1098,2024-02-02,2025-02-06
1029,370,1207,1099,2024-11-11,2025-01-23
1030,371,1208,1100,2024-05-19,2025-01-30
1031,372,1209,1101,2024-12-17,2025-02-08
1032,373,1210,1102,2024-07-27,2025-02-16
1033,374,1211,1103,2024-11-12,2025-02-02
1034,375,1212,1104,2024-06-07,2025-02-09
1035,376,1213,1105,2024-08-20,2025-01-23
1036,377,1214,1106,2024-10-05,2025-02-03
1037,378,1215,1107,2025-01-14,2025-02-04
1038,379,1216,1108,2024-06-13,2025-02-04
1039,380,1217,1109,2024-11-24,2025-02-12
1040,381,1218,1110,2024-10-10,2025-02-12
1041,382,1219,1111,2024-10-27,2025-02-16
1042,383,1220,1112,2024-06-17,2025-02-05
1043,384,1221,1113,2024-08-06,2025-01-29
1044,385,1222,1114,2024-09-21,2025-01-27
1045,386,1223,1115,2024-02-26,2025-01-27
1046,387,1224,1116,2024-01-25,2025-02-17
1047,388,1225,1117,2024-09-01,2025-01-27
1048,389,1226,1118,2024-02-16,2025-01-24
1049,390,1227,1119,2024-12-22,2025-02-16
1050,391,1228,1120,2024-11-10,2025-01-20
1051,392,1229,1121,2024-07-24,2025-01-26
1052,393,1230,1122,2024-08-24,2025-02-03
1053,394,1231,1123,2024-12-28,2025-01-30
1054,395,1232,1124,2024-07-13,2025-02-15
1055,396,1233,1125,2024-11-11,2025-01-23
1056,397,1234,1126,2024-07-11,2025-01-28
1057,398,1235,1127,2024-01-20,2025-02-04
1058,399,1236,1128,2024-03-27,2025-02-07
1059,400,1237,1129,2024-10-07,2025-01-20
1060,401,1238,1130,2024-12-10,2025-01-31
1061,402,1239,1131,2024-02-11,2025-02-02
1062,403,1240,1132,2025-01-14,2025-02-15
1063,404,1241,1133,2024-08-13,2025-01-23
1064,405,1242,1134,2024-05-05,2025-01-20
1065,406,1243,1135,2024-03-22,2025-02-04
1066,407,1244,1136,2024-08-29,2025-01-24
1067,408,1245,1137,2024-09-18,2025-01-31
1068,409,1246,1138,2024-09-17,2025-02-17
1069,410,1247,1139,2024-06-07,2025-02-14
1070,411,1248,1140,2024-11-06,2025-02-09
1071,412,1249,1141,2024-12-01,2025-01-28
1072,413,1250,1142,2024-05-08,2025-01-19
1073,414,1251,1143,2024-09-16,2025-02-10
1074,415,1252,1144,2025-01-13,2025-01-22
1075,416,1253,1145,2024-08-01,2025-02-12
1076,417,1254,1146,2024-11-05,2025-02-04
1077,418,1255,1147,2024-04-26,2025-02-10
1078,419,1256,1148,2024-12-01,2025-02-04
1079,420,1257,1149,2024-02-26,2025-01-25
1080,421,1258,1150,2024-05-19,2025-01-23
1081,422,1259,1151,2024-03-25,2025-02-10
1082,423,1260,1152,2025-01-10,2025-02-11
1083,424,1261,1153,2024-09-03,2025-02-07
1084,425,1262,1154,2024-06-27,2025-02-03
1085,426,1263,1155,2024-10-05,2025-02-02
1086,427,1264,1156,2024-03-26,2025-01-27
1087,428,1265,1157,2024-12-20,2025-01-28
1088,429,1266,1158,2024-12-11,2025-01-31
1089,430,1267,1159,2024-10-16,2025-01-20
1090,431,1268,1160,2024-11-13,2025-02-15
1091,432,1269,1161,2024-09-02,2025-01-20
1092,433,1270,1162,2024-06-26,2025-01-29
1093,434,1271,1163,2024-07-30,2025-02-03
1094,435,1272,1164,2024-07-20,2025-01-26
1095,436,1273,1165,2024-04-24,2025-01-22
1096,437,1274,1166,2024-11-28,2025-02-07
1097,438,1275,1167,2024-01-23,2025-01-25
1098,439,1276,1168,2024-07-20,2025-01-28
1099,440,1277,1169,2024-05-07,2025-01-28
1100,441,1278,1170,2024-04-28,2025-01-26
1101,442,1279,1171,2024-04-10,2025-02-03
1102,443,1280,1172,2024-09-19,2025-02-10
1103,444,1281,1173,2024-11-07,2025-02-09
1104,445,1282,1174,2024-10-19,2025-01-31
1105,446,1283,1175,2024-08-12,2025-02-05
1106,447,1284,1176,2024-12-01,2025-02-09
1107,448,1285,1177,2024-06-14,2025-01-28
1108,449,1286,1178,2024-12-19,2025-01-24
1109,450,1287,1179,2024-04-07,2025-02-16
1110,451,1288,1180,2024-08-09,2025-02-11
1111,452,1289,1181,2025-01-13,2025-02-04
1112,453,1290,1182,2024-12-05,2025-02-17
1113,454,1291,1183,2024-12-11,2025-01-28
1114,455,1292,1184,2024-07-21,2025-02-05
1115,456,1293,1185,2024-02-03,2025-01-30
1116,457,1294,1186,2024-05-14,2025-01-24
1117,458,1295,1187,2024-04-03,2025-02-14
1118,459,1296,1188,2024-01-20,2025-02-15
1119,460,1297,1189,2024-10-08,2025-02-03
1120,461,1298,1190,2024-02-06,2025-02-01
1121,462,1299,1191,2024-05-11,2025-02-11
1122,463,1300,1192,2024-04-01,2025-02-04
1123,464,1301,1193,2024-07-02,2025-02-09
1124,465,1302,1194,2025-01-04,2025-01-22
1125,466,1303,1195,2024-05-24,2025-01-28
1126,467,1304,1196,2024-04-17,2025-01-24
1127,468,1305,1197,2024-10-09,2025-01-27
1128,469,1306,1198,2024-11-03,2025-02-09
1129,470,1307,1199,2025-01-18,2025-02-14
1130,471,1308,1200,2024-11-27,2025-02-06
1131,472,1309,1201,2024-04-12,2025-02-03
1132,473,1310,1202,2025-01-03,2025-02-13
1133,474,1311,1203,2024-10-11,2025-02-17
1134,475,1312,1204,2024-03-09,2025-01-24
1135,476,1313,1205,2024-07-17,2025-02-01
1136,477,1314,1206,2024-12-18,2025-02-02
1137,478,1315,1207,2024-06-02,2025-02-08
1138,479,1316,1208,2024-08-19,2025-01-24
1139,480,1317,1209,2024-09-10,2025-02-05
1140,481,1318,1210,2024-02-11,2025-02-09
1141,482,1319,1211,2024-12-21,2025-02-11
1142,483,1320,1212,2024-12-11,2025-01-24
1143,484,1321,1213,2024-06-27,2025-01-31
1144,485,1322,1214,2024-04-23,2025-02-13
1145,486,1323,1215,2024-09-03,2025-01-24
1146,487,1324,1216,2024-05-15,2025-02-14
1147,488,1325,1217,2024-08-22,2025-02-15
1148,489,1326,1218,2024-02-18,2025-02-13
1149,490,1327,1219,2024-10-30,2025-02-04
1150,491,1328,1220,2024-10-26,2025-01-22
1151,492,1329,1221,2024-11-27,2025-02-09
1152,493,1330,1222,2025-01-01,2025-02-05
1153,494,1331,1223,2024-05-16,2025-02-15
1154,495,1332,1224,2025-01-06,2025-02-01
1155,496,1333,1225,2024-12-21,2025-02-13
1156,497,1334,1226,2024-05-22,2025-01-26
1157,498,1335,1227,2024-09-25,2025-01-27
1158,499,1336,1228,2024-12-05,2025-02-10
1159,500,1337,1229,2024-12-08,2025-01-20
1160,501,1338,1230,2024-06-15,2025-01-23
1161,502,1339,1231,2024-09-12,2025-02-06
1162,503,1340,1232,2024-03-26,2025-02-11
1163,504,1341,1233,2024-05-20,2025-02-09
1164,505,1342,1234,2024-06-02,2025-02-06
1165,506,1343,1235,2024-07-16,2025-02-07
1166,507,1344,1236,2024-09-25,2025-02-06
1167,508,1345,1237,2024-04-24,2025-02-01
1168,509,1346,1238,2024-06-11,2025-02-11
1169,510,1347,1239,2024-08-04,2025-01-31
1170,511,1348,1240,2024-03-09,2025-02-15
1171,512,1349,1241,2024-09-26,2025-01-20
1172,513,1350,1242,2024-06-14,2025-02-04
1173,514,1351,1243,2024-08-28,2025-02-05
1174,515,1352,1244,2024-08-03,2025-02-17
1175,516,1353,1245,2025-01-01,2025-02-16
1176,517,1354,1246,2024-11-24,2025-02-10
1177,518,1355,1247,2024-09-27,2025-01-27
1178,519,1356,1248,2024-10-26,2025-01-21
1179,520,1357,1249,2024-06-05,2025-01-19
1180,521,1358,1250,2024-03-22,2025-01-22
1181,522,1359,1251,2025-01-12,2025-02-16
1182,523,1360,1252,2024-03-17,2025-02-02
1183,524,1361,1253,2024-03-07,2025-02-10
1184,525,1362,1254,2024-04-28,2025-02-07
1185,526,1363,1255,2024-04-06,2025-02-02
1186,527,1364,1256,2024-04-02,2025-02-10
1187,528,1365,1257,2024-02-02,2025-02-02
1188,529,1366,1258,2024-11-01,2025-02-03
1189,530,1367,1259,2024-04-29,2025-01-21
1190,531,1368,1260,2024-09-23,2025-01-30
1191,532,1369,1261,2025-01-17,2025-01-30
1192,533,1370,1262,2024-12-28,2025-02-07
1193,534,1371,1263,2024-04-03,2025-01-24
1194,535,1372,1264,2024-08-23,2025-02-13
1195,536,1373,1265,2024-02-24,2025-01-19
1196,537,1374,1266,2024-05-04,2025-01-21
1197,538,1375,1267,2024-10-18,2025-02-13
1198,539,1376,1268,2024-12-20,2025-01-23
1199,540,1377,1269,2024-10-08,2025-02-10
1200,541,1378,1270,2024-10-11,2025-01-23
1201,542,1379,1271,2024-11-23,2025-01-19
1202,543,1380,1272,2024-04-10,2025-01-26
1203,544,1381,1273,2025-01-11,2025-01-21
1204,545,1382,1274,2024-12-15,2025-01-27
1205,546,1383,1275,2024-03-23,2025-01-24
1206,547,1384,1276,2024-02-03,2025-02-04
1207,548,1385,1277,2024-09-22,2025-02-15
1208,549,1386,1278,2024-01-27,2025-02-03
1209,550,1387,1279,2024-02-27,2025-02-07
1210,551,1388,1280,2025-01-08,2025-01-20
1211,552,1389,1281,2024-07-03,2025-02-17
1212,553,1390,1282,2024-04-07,2025-02-05
1213,554,1391,1283,2024-05-15,2025-01-20
1214,555,1392,1284,2024-03-15,2025-02-06
1215,556,1393,1285,2024-11-10,2025-02-14
1216,557,1394,1286,2024-10-21,2025-02-17
1217,558,1395,1287,2024-02-10,2025-01-20
1218,559,1396,1288,2024-05-15,2025-01-31
1219,560,1397,1289,2024-04-21,2025-01-29
1220,561,1398,1290,2024-07-22,2025-01-20
1221,562,1399,1291,2024-03-26,2025-02-01
1222,563,1400,1292,2024-02-26,2025-02-12
1223,564,1401,1293,2024-01-30,2025-01-23
1224,565,1402,1294,2024-11-08,2025-01-25
1225,566,1403,1295,2024-08-22,2025-02-06
1226,567,1404,1296,2024-07-16,2025-02-02
1227,568,1405,1297,2024-05-03,2025-01-29
1228,569,1406,1298,2024-06-07,2025-02-07
1229,570,1407,1299,2024-10-02,2025-01-29
1230,571,1408,1300,2024-09-14,2025-02-07
1231,572,1409,1301,2024-11-24,2025-02-13
1232,573,1410,1302,2024-06-26,2025-02-04
1233,574,1411,1303,2024-11-24,2025-02-10
1234,575,1412,1304,2024-06-12,2025-02-09
1235,576,1413,1305,2024-12-07,2025-01-22
1236,577,1414,1306,2024-07-21,2025-02-02
1237,578,1415,1307,2024-04-06,2025-02-02
1238,579,1416,1308,2024-05-02,2025-02-09
1239,580,1417,1309,2024-08-28,2025-01-28
1240,581,1418,1310,2024-03-11,2025-01-31
1241,582,1419,1311,2024-10-26,2025-02-05
1242,583,1420,1312,2024-09-12,2025-02-04
1243,584,1421,1313,2024-06-11,2025-01-19
1244,585,1422,1314,2024-08-30,2025-01-24
1245,586,1423,1315,2024-02-29,2025-01-20
1246,587,1424,1316,2024-11-04,2025-01-19
1247,588,1425,1317,2024-11-27,2025-01-24
1248,589,1426,1318,2024-07-24,2025-01-22
1249,590,1427,1319,2024-04-06,2025-02-10
1250,591,1428,1320,2024-06-24,2025-02-01
1251,592,1429,1321,2024-12-17,2025-02-04
1252,593,1430,1322,2024-05-07,2025-02-07
1253,594,1431,1323,2024-05-04,2025-02-06
1254,595,1432,1324,2024-01-26,2025-02-01
1255,596,1433,1325,2024-07-05,2025-02-06
1256,597,1434,1326,2024-04-19,2025-02-11
1257,598,1435,1327,2024-07-12,2025-01-29
1258,599,1436,1328,2024-02-11,2025-02-11
1259,600,1437,1329,2024-08-09,2025-01-24
1260,601,1438,1330,2024-07-16,2025-02-10
1261,602,1439,1331,2024-08-31,2025-01-31
1262,603,1440,1332,2024-06-11,2025-01-24
1263,604,1441,1333,2025-01-07,2025-02-17
1264,605,1442,1334,2024-09-15,2025-02-15
1265,606,1443,1335,2024-08-13,2025-02-10
1266,607,1444,1336,2024-03-17,2025-02-13
1267,608,1445,1337,2024-04-17,2025-01-24
1268,609,1446,1338,2024-10-21,2025-02-05
1269,610,1447,1339,2024-12-23,2025-01-22
1270,611,1448,1340,2024-06-06,2025-02-12
1271,612,1449,1341,2024-10-17,2025-01-19
1272,613,1450,1342,2024-11-22,2025-01-21
1273,614,1451,1343,2024-03-06,2025-01-28
1274,615,1452,1344,2024-11-22,2025-01-19
1275,616,1453,1345,2024-03-04,2025-01-20
1276,617,1454,1346,2024-08-30,2025-02-15
1277,618,1455,1347,2024-05-26,2025-02-04
1278,619,1456,1348,2024-11-03,2025-01-24
1279,620,1457,1349,2024-02-03,2025-01-29
1280,621,1458,1350,2024-06-11,2025-02-10
1281,622,1459,1351,2024-04-24,2025-02-15
1282,623,1460,1352,2024-08-15,2025-02-09
1283,624,1461,1353,2024-01-21,2025-02-06
1284,625,1462,1354,2024-04-21,2025-02-01
1285,626,1463,1355,2024-09-10,2025-02-07
1286,627,1464,1356,2024-12-19,2025-01-22
1287,628,1465,1357,2025-01-12,2025-02-08
1288,629,1466,1358,2024-09-02,2025-01-24
1289,630,1467,1359,2024-07-12,2025-02-03
1290,631,1468,1360,2024-08-08,2025-01-24
1291,632,1469,1361,2024-03-13,2025-02-10
1292,633,1470,1362,2024-09-29,2025-01-27
1293,634,1471,1363,2024-02-02,2025-02-05
1294,635,1472,1364,2024-10-30,2025-01-22
1295,636,1473,1365,2024-12-25,2025-02-14
1296,637,1474,1366,2024-06-23,2025-01-20
1297,638,1475,1367,2024-04-07,2025-02-01
1298,639,1476,1368,2024-11-07,2025-02-13
1299,640,1477,1369,2024-09-02,2025-02-13
1300,641,1478,1370,2024-02-20,2025-01-31
1301,642,1479,1371,2024-08-20,2025-01-20
1302,643,1480,1372,2024-07-17,2025-02-17
1303,644,1481,1373,2024-09-16,2025-01-22
1304,645,1482,1374,2024-01-29,2025-02-17
1305,646,1483,1375,2024-12-29,2025-01-26
1306,647,1484,1376,2024-08-30,2025-01-24
1307,648,1485,1377,2024-04-19,2025-01-21
1308,649,1486,1378,2024-04-21,2025-01-21
1309,650,1487,1379,2024-01-22,2025-01-25
1310,651,1488,1380,2024-12-02,2025-01-31
1311,652,1489,1381,2024-06-26,2025-02-11
1312,653,1490,1382,2024-05-29,2025-02-02
1313,654,1491,1383,2024-10-18,2025-01-22
1314,655,1492,1384,2024-07-05,2025-01-22
1315,656,1493,1385,2024-07-26,2025-02-10
1316,657,1494,1386,2024-12-17,2025-02-02
1317,658,1495,1387,2024-07-19,2025-02-03
1318,659,1496,1388,2024-07-23,2025-02-05
1319,660,1497,1389,2024-09-09,2025-01-28
1320,661,1498,1390,2025-01-16,2025-01-23
1321,662,1499,1391,2024-05-25,2025-01-23
1322,663,1500,1392,2024-05-02,2025-02-07
1323,664,1501,1393,2025-01-15,2025-02-07
1324,665,1502,1394,2024-11-23,2025-01-27
1325,666,1503,1395,2024-11-12,2025-01-25
1326,667,1504,1396,2024-04-22,2025-02-09
1327,668,1505,1397,2024-08-08,2025-02-08
1328,669,1506,1398,2024-05-11,2025-01-29
1329,670,1507,1399,2024-05-13,2025-02-12
1330,671,1508,1400,2024-05-22,2025-02-12
1331,672,1509,1401,2024-09-08,2025-01-29
1332,673,1510,1402,2024-09-21,2025-01-26
1333,674,1511,1403,2024-04-03,2025-01-20
1334,675,1512,1404,2024-06-20,2025-02-10
1335,676,1513,1405,2024-06-01,2025-01-31
1336,677,1514,1406,2024-09-16,2025-02-07
1337,678,1515,1407,2024-05-22,2025-02-09
1338,679,1516,1408,2024-05-02,2025-01-22
1339,680,1517,1409,2024-03-25,2025-01-26
1340,681,1518,1410,2024-12-14,2025-01-28
1341,682,1519,1411,2024-11-13,2025-02-10
1342,683,1520,1412,2024-02-02,2025-02-14
1343,684,1521,1413,2024-02-21,2025-01-20
1344,685,1522,1414,2024-07-11,2025-02-13
1345,686,1523,1415,2024-08-31,2025-01-31
1346,687,1524,1416,2024-08-07,2025-02-05
1347,688,1525,1417,2024-05-01,2025-01-29
1348,689,1526,1418,2024-06-29,2025-01-30
1349,690,1527,1419,2024-07-24,2025-01-20
1350,691,1528,1420,2024-05-22,2025-01-26
1351,692,1529,1421,2024-04-22,2025-02-04
1352,693,1530,1422,2024-08-30,2025-01-27
1353,694,1531,1423,2024-05-15,2025-02-01
1354,695,1532,1424,2024-04-23,2025-02-01
1355,696,1533,1425,2024-05-13,2025-01-21
1356,697,1534,1426,2024-05-13,2025-02-12
1357,698,1535,1427,2024-05-31,2025-01-23
1358,699,1536,1428,2024-04-05,2025-02-15
1359,700,1537,1429,2024-02-07,2025-01-24
1360,701,1538,1430,2024-11-14,2025-02-12
1361,702,1539,1431,2024-07-30,2025-01-29
1362,703,1540,1432,2024-08-07,2025-01-22
1363,704,1541,1433,2024-11-08,2025-02-04
1364,705,1542,1434,2024-12-27,2025-02-11
1365,706,1543,1435,2024-05-14,2025-01-27
1366,707,1544,1436,2024-05-12,2025-01-29
1367,708,1545,1437,2024-08-16,2025-01-28
1368,709,1546,1438,2024-07-22,2025-02-08
1369,710,1547,1439,2024-10-17,2025-01-30
1370,711,1548,1440,2024-11-03,2025-01-26
1371,712,1549,1441,2024-09-05,2025-02-01
1372,713,1550,1442,2024-11-20,2025-01-24
1373,714,1551,1443,2024-12-05,2025-01-29
1374,715,1552,1444,2024-10-18,2025-01-29
1375,716,1553,1445,2024-12-14,2025-02-06
1376,717,1554,1446,2024-09-19,2025-01-22
1377,718,1555,1447,2024-05-20,2025-02-11
1378,719,1556,1448,2024-11-07,2025-01-25
1379,720,1557,1449,2024-09-18,2025-02-04
1380,721,1558,1450,2024-03-07,2025-02-14
1381,722,1559,1451,2024-03-26,2025-02-16
1382,723,1560,1452,2024-01-21,2025-01-24
1383,724,1561,1453,2024-12-28,2025-01-31
1384,725,1562,1454,2024-06-04,2025-02-11
1385,726,1563,1455,2024-09-09,2025-01-22
1386,727,1564,1456,2024-06-11,2025-01-23
1387,728,1565,1457,2024-11-19,2025-02-14
1388,729,1566,1458,2024-03-18,2025-01-31
1389,730,1567,1459,2024-11-22,2025-01-25
1390,731,1568,1460,2024-06-02,2025-02-01
1391,732,1569,1461,2024-03-29,2025-01-31
1392,733,1570,1462,2024-03-14,2025-01-22
1393,734,1571,1463,2024-11-19,2025-01-19
1394,735,1572,1464,2024-06-13,2025-02-15
1395,736,1573,1465,2024-08-25,2025-02-02
1396,737,1574,1466,2024-11-03,2025-01-27
1397,738,1575,1467,2024-06-28,2025-02-14
1398,739,1576,1468,2024-01-27,2025-02-05
1399,740,1577,1469,2024-07-16,2025-01-23
1400,741,1578,1470,2024-01-30,2025-02-17
1401,742,1579,1471,2024-07-20,2025-01-26
1402,743,1580,1472,2024-08-22,2025-02-12
1403,744,1581,1473,2024-07-09,2025-02-10
1404,745,1582,1474,2024-09-24,2025-02-11
1405,746,1583,1475,2024-11-28,2025-02-11
1406,747,1584,1476,2024-06-10,2025-02-07
1407,748,1585,1477,2024-04-28,2025-01-31
1408,749,1586,1478,2024-08-06,2025-02-13
1409,750,1587,1479,2024-06-18,2025-01-22
1410,751,1588,1480,2024-06-20,2025-01-29
1411,752,1589,1481,2024-03-20,2025-02-08
1412,753,1590,1482,2024-08-10,2025-02-12
1413,754,1591,1483,2024-03-26,2025-01-21
1414,755,1592,1484,2024-04-08,2025-01-19
1415,756,1593,1485,2024-12-08,2025-02-13
1416,757,1594,1486,2024-12-23,2025-02-03
1417,758,1595,1487,2024-08-19,2025-01-30
1418,759,1596,1488,2024-10-09,2025-02-09
1419,760,1597,1489,2024-04-09,2025-02-16
1420,761,1598,1490,2024-09-01,2025-01-24
1421,762,1599,1491,2024-11-04,2025-02-08
1422,763,1600,1492,2024-02-20,2025-02-01
1423,764,1601,1493,2024-09-29,2025-02-04
1424,765,1602,1494,2025-01-15,2025-01-26
1425,766,1603,1495,2024-02-05,2025-02-01
1426,767,1604,1496,2024-11-30,2025-01-22
1427,768,1605,1497,2025-01-12,2025-02-16
1428,769,1606,1498,2024-04-18,2025-02-03
1429,770,1607,1499,2024-08-06,2025-02-08
1430,771,1608,1500,2024-11-10,2025-02-17
1431,772,1609,1501,2024-07-16,2025-01-27
1432,773,1610,1502,2024-08-16,2025-02-05
1433,774,1611,1503,2024-07-08,2025-02-09
1434,775,1612,1504,2024-05-09,2025-02-16
1435,776,1613,1505,2024-03-23,2025-02-11
1436,777,1614,1506,2024-07-24,2025-02-08
1437,778,1615,1507,2024-10-19,2025-01-19
1438,779,1616,1508,2024-08-31,2025-02-10
1439,780,1617,1509,2024-11-19,2025-02-08
1440,781,1618,1510,2024-06-19,2025-02-17
1441,782,1619,1511,2024-03-20,2025-02-04
1442,783,1620,1512,2024-10-04,2025-01-22
1443,784,1621,1513,2024-09-19,2025-01-20
1444,785,1622,1514,2024-04-22,2025-01-29
1445,786,1623,1515,2024-10-30,2025-01-26
1446,787,1624,1516,2024-06-28,2025-01-19
1447,788,1625,1517,2024-05-14,2025-02-02
1448,789,1626,1518,2024-05-26,2025-02-13
1449,790,1627,1519,2024-03-04,2025-01-28
1450,791,1628,1520,2024-02-21,2025-01-29
1451,792,1629,1521,2024-02-08,2025-01-31
1452,793,1630,1522,2024-06-08,2025-02-10
1453,794,1631,1523,2024-05-11,2025-01-27
1454,795,1632,1524,2024-04-29,2025-02-08
1455,796,1633,1525,2024-02-15,2025-01-26
1456,797,1634,1526,2024-06-14,2025-02-01
1457,798,1635,1527,2024-09-28,2025-01-21
1458,799,1636,1528,2024-03-31,2025-01-29
1459,800,1637,1529,2024-08-08,2025-01-26
1460,801,1638,1530,2024-04-24,2025-01-26
1461,802,1639,1531,2024-06-29,2025-01-20
1462,803,1640,1532,2024-12-02,2025-02-09
1463,804,1641,1533,2024-09-10,2025-02-11
1464,805,1642,1534,2024-06-28,2025-02-14
1465,806,1643,1535,2024-09-07,2025-02-02
1466,807,1644,1536,2024-02-18,2025-01-24
1467,808,1645,1537,2024-08-21,2025-02-08
1468,809,1646,1538,2024-07-29,2025-02-16
1469,810,1647,1539,2024-10-26,2025-02-15
1470,811,1648,1540,2024-05-28,2025-02-06
1471,812,1649,1541,2024-05-04,2025-01-25
1472,813,1650,1542,2024-12-30,2025-02-01
1473,814,1651,1543,2024-04-30,2025-02-09
1474,815,1652,1544,2024-07-11,2025-01-27
1475,816,1653,1545,2024-06-22,2025-02-10
1476,817,1654,1546,2024-04-02,2025-01-28
1477,818,1655,1547,2024-02-23,2025-02-01
1478,819,1656,1548,2025-01-17,2025-02-11
1479,820,1657,1549,2024-09-15,2025-02-14
1480,821,1658,1550,2025-01-14,2025-01-31
1481,822,1659,1551,2024-07-05,2025-02-01
1482,823,1660,1552,2024-07-11,2025-01-29
1483,824,1661,1553,2024-09-24,2025-02-11
1484,825,1662,1554,2024-06-11,2025-02-11
1485,826,1663,1555,2024-06-28,2025-01-24
1486,827,1664,1556,2024-11-01,2025-01-27
1487,828,1665,1557,2024-06-23,2025-01-24
1488,829,1666,1558,2024-09-12,2025-02-10
1489,830,1667,1559,2024-02-15,2025-01-22
1490,831,1668,1560,2024-07-02,2025-02-10
1491,832,1669,1561,2024-09-29,2025-02-03
1492,833,1670,1562,2025-01-17,2025-01-29
1493,834,1671,1563,2024-01-21,2025-02-16
1494,835,1672,1564,2024-03-08,2025-02-17
1495,836,1673,1565,2024-03-29,2025-01-29
1496,837,1674,1566,2024-05-24,2025-01-23
1497,838,1675,1567,2024-05-06,2025-01-23
1498,839,1676,1568,2025-01-11,2025-01-22
1499,840,1677,1569,2024-03-12,2025-01-21
1500,841,1678,1570,2024-08-06,2025-01-25
1501,842,1679,1571,2024-05-30,2025-02-11
1502,843,1680,1572,2024-12-27,2025-02-01
1503,844,1681,1573,2024-08-04,2025-02-01
1504,845,1682,1574,2024-08-17,2025-02-13
1505,846,1683,1575,2024-05-20,2025-01-29
1506,847,1684,1576,2024-07-17,2025-01-20
1507,848,1685,1577,2024-09-17,2025-02-13
1508,849,1686,1578,2024-04-17,2025-01-21
1509,850,1687,1579,2024-01-21,2025-02-06
1510,851,1688,1580,2024-08-28,2025-02-02
1511,852,1689,1581,2024-03-01,2025-01-23
1512,853,1690,1582,2024-09-14,2025-02-16
1513,854,1691,1583,2024-03-13,2025-02-12
1514,855,1692,1584,2024-09-20,2025-02-06
1515,856,1693,1585,2024-03-26,2025-02-05
1516,857,1694,1586,2024-12-30,2025-01-24
1517,858,1695,1587,2024-09-15,2025-02-11
1518,859,1696,1588,2024-05-16,2025-01-25
1519,860,1697,1589,2025-01-04,2025-02-08
1520,861,1698,1590,2024-12-03,2025-01-31
1521,862,1699,1591,2024-10-16,2025-02-06
1522,863,1700,1592,2024-10-17,2025-02-17
1523,864,1701,1593,2024-06-05,2025-02-01
1524,865,1702,1594,2024-08-28,2025-02-03
1525,866,1703,1595,2024-10-29,2025-02-13
1526,867,1704,1596,2024-10-21,2025-01-22
1527,868,1705,1597,2024-11-23,2025-02-10
1528,869,1706,1598,2024-07-17,2025-02-16
1529,870,1707,1599,2024-05-13,2025-02-17
1530,871,1708,1600,2024-02-28,2025-02-08
1531,872,1709,1601,2024-01-23,2025-02-12
1532,873,1710,1602,2024-08-31,2025-01-21
1533,874,1711,1603,2024-10-09,2025-01-21
1534,875,1712,1604,2024-08-15,2025-01-21
1535,876,1713,1605,2024-04-24,2025-02-04
1536,877,1714,1606,2024-10-07,2025-01-29
1537,878,1715,1607,2024-11-28,2025-02-03
1538,879,1716,1608,2024-12-10,2025-01-25
1539,880,1717,1609,2024-02-10,2025-01-29
1540,881,1718,1610,2024-03-07,2025-01-22
1541,882,1719,1611,2025-01-13,2025-02-14
1542,883,1720,1612,2024-06-29,2025-01-30
1543,884,1721,1613,2024-02-07,2025-01-21
1544,885,1722,1614,2024-12-20,2025-02-08
1545,886,1723,1615,2024-03-03,2025-02-01
1546,887,1724,1616,2024-07-02,2025-02-06
1547,888,1725,1617,2024-06-13,2025-02-14
1548,889,1726,1618,2024-11-04,2025-01-19
1549,890,1727,1619,2024-02-22,2025-01-30
1550,891,1728,1620,2024-08-17,2025-02-07
1551,892,1729,1621,2024-10-26,2025-02-16
1552,893,1730,1622,2024-10-04,2025-01-31
1553,894,1731,1623,2024-04-08,2025-02-03
1554,895,1732,1624,2024-06-19,2025-01-24
1555,896,1733,1625,2024-12-22,2025-01-26
1556,897,1734,1626,2024-07-06,2025-02-05
1557,898,1735,1627,2025-01-16,2025-01-29
1558,899,1736,1628,2024-12-13,2025-01-25
1559,900,1737,1629,2024-06-08,2025-01-22
1560,901,1738,1630,2024-02-04,2025-01-19
1561,902,1739,1631,2024-03-03,2025-02-05
1562,903,1740,1632,2024-01-30,2025-02-11
1563,904,1741,1633,2025-01-01,2025-02-17
1564,905,1742,1634,2024-11-02,2025-02-09
1565,906,1743,1635,2024-06-28,2025-01-30
1566,907,1744,1636,2024-02-17,2025-02-03
1567,908,1745,1637,2025-01-14,2025-02-02
1568,909,1746,1638,2024-05-02,2025-01-30
1569,910,1747,1639,2024-09-04,2025-01-27
1570,911,1748,1640,2024-06-14,2025-01-20
1571,912,1749,1641,2024-10-25,2025-01-22
1572,913,1750,1642,2024-03-11,2025-01-21
1573,914,1751,1643,2024-07-06,2025-01-20
1574,915,1752,1644,2024-05-28,2025-01-26
1575,916,1753,1645,2024-03-26,2025-01-29
1576,917,1754,1646,2024-02-25,2025-01-28
1577,918,1755,1647,2024-09-25,2025-02-12
1578,919,1756,1648,2024-11-03,2025-01-27
1579,920,1757,1649,2024-08-07,2025-01-29
1580,921,1758,1650,2024-08-14,2025-02-08
1581,922,1759,1651,2024-07-08,2025-02-13
1582,923,1760,1652,2024-05-16,2025-02-09
1583,924,1761,1653,2024-09-28,2025-02-16
1584,925,1762,1654,2024-02-10,2025-02-04
1585,926,1763,1655,2024-12-12,2025-01-20
1586,927,1764,1656,2024-09-21,2025-01-23
1587,928,1765,1657,2024-10-05,2025-02-13
1588,929,1766,1658,2024-10-06,2025-01-22
1589,930,1767,1659,2024-09-23,2025-02-09
1590,931,1768,1660,2024-08-14,2025-02-11
1591,932,1769,1661,2024-09-15,2025-01-19
1592,933,1770,1662,2024-11-22,2025-01-29
1593,934,1771,1663,2024-11-26,2025-02-09
1594,935,1772,1664,2024-07-28,2025-02-17
1595,936,1773,1665,2024-08-29,2025-02-13
1596,937,1774,1666,2024-05-15,2025-01-19
1597,938,1775,1667,2024-04-05,2025-02-11
1598,939,1776,1668,2024-11-24,2025-02-01
1599,940,1777,1669,2024-02-21,2025-02-02
1600,941,1778,1670,2024-10-23,2025-02-05
1601,942,1779,1671,2024-06-29,2025-01-30
1602,943,1780,1672,2024-12-08,2025-02-16
1603,944,1781,1673,2024-10-10,2025-01-26
1604,945,1782,1674,2024-09-26,2025-01-25
1605,946,1783,1675,2025-01-01,2025-02-13
1606,947,1784,1676,2024-07-13,2025-02-03
1607,948,1785,1677,2024-10-26,2025-01-24
1608,949,1786,1678,2024-08-26,2025-02-17
1609,950,1787,1679,2024-11-12,2025-01-19
1610,951,1788,1680,2024-05-07,2025-01-22
1611,952,1789,1681,2024-10-17,2025-01-21
1612,953,1790,1682,2024-05-25,2025-02-13
1613,954,1791,1683,2024-07-27,2025-02-08
1614,955,1792,1684,2024-01-24,2025-02-07
1615,956,1793,1685,2024-02-05,2025-01-28
1616,957,1794,1686,2024-06-21,2025-02-14
1617,958,1795,1687,2024-08-29,2025-02-07
1618,959,1796,1688,2024-08-17,2025-01-20
1619,960,1797,1689,2024-11-21,2025-02-02
1620,961,1798,1690,2024-04-17,2025-02-09
1621,962,1799,1691,2024-08-04,2025-01-29
1622,963,1800,1692,2024-08-07,2025-01-20
1623,964,1801,1693,2024-09-15,2025-01-31
1624,965,1802,1694,2024-10-12,2025-01-21
1625,966,1803,1695,2024-12-10,2025-02-17
1626,967,1804,1696,2024-12-03,2025-02-08
1627,968,1805,1697,2024-10-27,2025-01-26
1628,969,1806,1698,2024-05-19,2025-01-20
1629,970,1807,1699,2024-02-14,2025-02-03
1630,971,1808,1700,2024-08-08,2025-02-06
1631,972,1809,1701,2024-07-12,2025-02-06
1632,973,1810,1702,2024-11-06,2025-01-28
1633,974,1811,1703,2024-03-30,2025-02-06
1634,975,1812,1704,2024-11-23,2025-01-30
1635,976,1813,1705,2024-10-26,2025-02-07
1636,977,1814,1706,2024-03-26,2025-01-29
1637,978,1815,1707,2024-10-20,2025-01-26
1638,979,1816,1708,2024-06-01,2025-02-03
1639,980,1817,1709,2024-08-15,2025-02-12
1640,981,1818,1710,2024-07-23,2025-02-04
1641,982,1819,1711,2024-10-18,2025-01-27
1642,983,1820,1712,2024-01-27,2025-02-01
1643,984,1821,1713,2024-11-07,2025-02-13
1644,985,1822,1714,2024-10-14,2025-01-28
1645,986,1823,1715,2024-09-01,2025-02-08
1646,987,1824,1716,2024-09-11,2025-01-25
1647,988,1825,1717,2024-11-13,2025-02-17
1648,989,1826,1718,2024-05-18,2025-01-23
1649,990,1827,1719,2024-02-17,2025-01-20
1650,991,1828,1720,2024-11-20,2025-01-21
1651,992,1829,1721,2024-07-01,2025-02-08
1652,993,1830,1722,2024-09-06,2025-02-03
1653,994,1831,1723,2024-10-23,2025-02-03
1654,995,1832,1724,2024-07-04,2025-02-07
1655,996,1833,1725,2024-12-20,2025-01-29
1656,997,1834,1726,2024-04-18,2025-02-09
1657,998,1835,1727,2024-05-20,2025-01-29
1658,999,1836,1728,2024-03-23,2025-01-20
1659,1000,1837,1729,2024-05-23,2025-01-27
1660,1001,1838,1730,2025-01-15,2025-01-19
1661,1002,1839,1731,2024-04-14,2025-01-27
1662,1003,1840,1732,2024-11-18,2025-02-15
1663,1004,1841,1733,2024-09-09,2025-02-07
1664,1005,1842,1734,2024-03-20,2025-01-30
1665,1006,1843,1735,2024-09-27,2025-02-16
1666,1007,1844,1736,2024-12-22,2025-01-31
1667,1008,1845,1737,2024-11-15,2025-01-31
1668,1009,1846,1738,2024-08-30,2025-02-14
1669,1010,1847,1739,2024-09-19,2025-01-29
1670,1011,1848,1740,2024-02-23,2025-02-07
1671,1012,1849,1741,2024-07-10,2025-01-23
1672,1013,1850,1742,2024-04-03,2025-01-26
1673,1014,1851,1743,2024-07-22,2025-01-25
1674,1015,1852,1744,2024-05-18,2025-02-13
1675,1016,1853,1745,2024-04-08,2025-02-03
1676,1017,1854,1746,2024-03-11,2025-01-23
1677,1018,1855,1747,2024-04-09,2025-02-16
1678,1019,1856,1748,2024-07-29,2025-02-03
1679,1020,1857,1749,2024-08-14,2025-02-02
1680,1021,1858,1750,2024-05-27,2025-02-11
1681,1022,1859,1751,2024-10-21,2025-01-22
1682,1023,1860,1752,2024-03-17,2025-02-13
1683,1024,1861,1753,2024-10-01,2025-02-09
1684,1025,1862,1754,2024-04-08,2025-01-26
1685,1026,1863,1755,2024-01-30,2025-02-17
1686,1027,1864,1756,2024-05-12,2025-01-21
1687,1028,1865,1757,2024-08-28,2025-02-11
1688,1029,1866,1758,2024-10-01,2025-02-16
1689,1030,1867,1759,2024-04-20,2025-02-05
1690,1031,1868,1760,2024-03-05,2025-02-02
1691,1032,1869,1761,2024-07-08,2025-02-12
1692,1033,1870,1762,2024-03-24,2025-02-15
1693,1034,1871,1763,2024-02-05,2025-02-07
1694,1035,1872,1764,2024-08-07,2025-01-21
1695,1036,1873,1765,2024-03-29,2025-01-21
1696,1037,1874,1766,2025-01-08,2025-01-24
1697,1038,1875,1767,2024-04-19,2025-01-28
1698,1039,1876,1768,2024-09-24,2025-02-13
1699,1040,1877,1769,2024-08-25,2025-02-11
1700,1041,1878,1770,2024-01-31,2025-02-07
1701,1042,1879,1771,2024-01-29,2025-02-06
1702,1043,1880,1772,2024-08-21,2025-02-07
1703,1044,1881,1773,2024-02-10,2025-02-16
1704,1045,1882,1774,2024-06-09,2025-01-26
1705,1046,1883,1775,2024-06-06,2025-02-12
1706,1047,1884,1776,2024-04-10,2025-02-11
1707,1048,1885,1777,2024-12-03,2025-02-06
1708,1049,1886,1778,2024-02-27,2025-01-24
1709,1050,1887,1779,2024-12-03,2025-01-28
